GROUP,INFORMANT,TREATMENT,CONTEXT,LEARN.RATE,TIMEPOINT,TRIAL,ORIENT,MOVE,SOCIAL,TOTAL,PROPORTION,PERCENT,APPROACHES,APPROACH.AVG,APPROACH.DIFF,DISPLACEMENTS,DISPLACE.AVG,DISPLACE.DIFF,AGGEFF.TRIAL,AGGEFF.TOTAL,AGGEFF.CUMUL,APPROACHED,DISPLACED,LINECROSS,LINECROSS.NORM,LINECROSS.NORM.LAST.4.AVG,LINECROSS.NORM.AVG
dom1,dom,social,group,early,six,1,0,0,0,0,0,0,9,4.833333333,-7,6,3.333333333,-4,0.666666667,0.689655172,0.689655172,0,0,62,7.75,,
dom1,dom,social,group,early,six,2,1,2,5,7,1,100,7,,,5,,,0.714285714,0.689655172,,0,0,62,7.75,,
dom1,dom,social,group,early,six,3,2,2,2,4,0.57,57,4,,,2,,,0.5,0.689655172,,0,0,40,5,,
dom1,dom,social,group,early,six,4,3,3,4,7,1,100,6,,,4,,,0.666666667,0.689655172,,0,0,55,6.875,6.84375,
dom1,dom,social,group,early,six,5,3,3,5,8,1,100,1,,,1,,,1,0.689655172,,0,0,56,7,,
dom1,dom,social,group,early,six,6,1,1,6,7,1,100,2,,,2,,,1,0.689655172,,0,0,101,12.625,,7.833333333
dom2,dom,social,group,not,six,1,0,0,0,0,0,0,17,12.16666667,-8,12,10,-5,0.705882353,0.821917808,0.821917808,0,0,68,8.5,,
dom2,dom,social,group,not,six,2,3,0,0,0,0,0,19,,,14,,,0.736842105,0.821917808,,0,0,44,5.5,,
dom2,dom,social,group,not,six,3,1,3,1,4,0.57,57,9,,,9,,,1,0.821917808,,0,0,30,3.75,,
dom2,dom,social,group,not,six,4,0,0,0,0,0,0,10,,,9,,,0.9,0.821917808,,0,0,51,6.375,,
dom2,dom,social,group,not,six,5,3,0,0,0,0,0,9,,,9,,,1,0.821917808,,0,0,44,5.5,,
dom2,dom,social,group,not,six,6,1,1,6,7,1,100,9,,,7,,,0.777777778,0.821917808,,0,0,71,8.875,6.125,6.416666667
dom3,dom,social,group,not,six,1,1,1,1,2,0.29,29,30,21.83333333,-11,18,17.16666667,0,0.6,0.786259542,0.786259542,0,0,115,14.375,,
dom3,dom,social,group,not,six,2,1,1,2,3,0.43,43,22,,,18,,,0.818181818,0.786259542,,0,0,102,12.75,,
dom3,dom,social,group,not,six,3,3,2,1,3,0.43,43,23,,,17,,,0.739130435,0.786259542,,0,0,83,10.375,,
dom3,dom,social,group,not,six,4,2,2,4,6,0.86,86,24,,,21,,,0.875,0.786259542,,0,0,97,12.125,,
dom3,dom,social,group,not,six,5,0,0,0,0,0,0,13,,,11,,,0.846153846,0.786259542,,0,0,101,12.625,,
dom3,dom,social,group,not,six,6,1,1,3,4,0.57,57,19,,,18,,,0.947368421,0.786259542,,0,0,78,9.75,11.21875,12
dom4,dom,social,group,not,six,1,6,1,0,1,0.14,14,4,22.33333333,26,1,18.5,25,0.25,0.828358209,0.828358209,0,0,74,9.25,,
dom4,dom,social,group,not,six,2,1,1,0,1,0.14,14,25,,,22,,,0.88,0.828358209,,0,0,97,12.125,,
dom4,dom,social,group,not,six,3,1,1,0,1,0.14,14,33,,,28,,,0.848484848,0.828358209,,0,0,123,15.375,,
dom4,dom,social,group,not,six,4,1,1,0,1,0.14,14,25,,,20,,,0.8,0.828358209,,0,0,126,15.75,,
dom4,dom,social,group,not,six,5,3,2,1,3,0.43,43,17,,,14,,,0.823529412,0.828358209,,0,0,171,21.375,,
dom4,dom,social,group,not,six,6,3,3,2,5,0.71,71,30,,,26,,,0.866666667,0.828358209,,0,0,172,21.5,18.5,15.89583333
dom10,dom,social,group,early,fourteen,1,5,3,0,3,0.43,43,2,10.14285714,25,2,8,23,1,0.788732394,0.788732394,0,0,101,12.625,,
dom10,dom,social,group,early,fourteen,2,6,0,0,0,0,0,3,,,2,,,0.666666667,0.788732394,,0,0,98,12.25,,
dom10,dom,social,group,early,fourteen,3,3,0,0,0,0,0,5,,,5,,,1,0.788732394,,0,0,105,13.125,,
dom10,dom,social,group,early,fourteen,4,0,0,0,0,0,0,0,,,0,,,0,0.788732394,,0,0,117,14.625,,
dom10,dom,social,group,early,fourteen,5,3,2,2,4,0.57,57,10,,,5,,,0.5,0.788732394,,0,0,123,15.375,,
dom10,dom,social,group,early,fourteen,6,4,1,2,3,0.43,43,14,,,7,,,0.5,0.788732394,,0,0,154,19.25,,
dom10,dom,social,group,early,fourteen,7,3,2,3,5,0.71,71,21,,,14,,,0.666666667,0.788732394,,0,0,180,22.5,17.9375,
dom10,dom,social,group,early,fourteen,8,2,3,2,5,0.71,71,5,,,4,,,0.8,0.788732394,,0,0,181,22.625,,
dom10,dom,social,group,early,fourteen,9,4,3,2,5,0.71,71,5,,,5,,,1,0.788732394,,0,0,175,21.875,,
dom10,dom,social,group,early,fourteen,10,3,4,2,6,0.86,86,0,,,0,,,0,0.788732394,,0,0,174,21.75,,
dom10,dom,social,group,early,fourteen,11,4,3,2,5,0.71,71,26,,,22,,,0.846153846,0.788732394,,0,0,198,24.75,,
dom10,dom,social,group,early,fourteen,12,4,4,1,5,0.71,71,11,,,10,,,0.909090909,0.788732394,,0,0,183,22.875,,
dom10,dom,social,group,early,fourteen,13,3,3,4,7,1,100,13,,,11,,,0.846153846,0.788732394,,0,0,171,21.375,,
dom10,dom,social,group,early,fourteen,14,5,4,3,7,1,100,27,,,25,,,0.925925926,0.788732394,,0,0,185,23.125,,17.6
dom11,dom,social,group,early,fourteen,1,0,0,0,0,0,0,6,12.64285714,6,5,11.21428571,5,0.833333333,0.88700565,0.88700565,0,0,63,7.875,,
dom11,dom,social,group,early,fourteen,2,2,1,1,2,0.29,29,9,,,8,,,0.888888889,0.88700565,,0,0,65,8.125,,
dom11,dom,social,group,early,fourteen,3,2,1,1,2,0.29,29,7,,,6,,,0.857142857,0.88700565,,0,0,62,7.75,,
dom11,dom,social,group,early,fourteen,4,2,5,0,5,0.71,71,9,,,8,,,0.888888889,0.88700565,,0,0,71,8.875,,
dom11,dom,social,group,early,fourteen,5,3,2,0,2,0.29,29,17,,,13,,,0.764705882,0.88700565,,0,0,77,9.625,,
dom11,dom,social,group,early,fourteen,6,6,3,1,4,0.57,57,22,,,20,,,0.909090909,0.88700565,,0,0,74,9.25,,
dom11,dom,social,group,early,fourteen,7,5,3,3,6,0.86,86,14,,,11,,,0.785714286,0.88700565,,0,0,82,10.25,9.5,
dom11,dom,social,group,early,fourteen,8,5,4,2,6,0.86,86,10,,,9,,,0.9,0.88700565,,0,0,78,9.75,,
dom11,dom,social,group,early,fourteen,9,4,4,2,6,0.86,86,14,,,13,,,0.928571429,0.88700565,,0,0,79,9.875,,
dom11,dom,social,group,early,fourteen,10,5,4,3,7,1,100,18,,,18,,,1,0.88700565,,0,0,86,10.75,,
dom11,dom,social,group,early,fourteen,11,5,5,3,8,1,100,9,,,8,,,0.888888889,0.88700565,,0,0,88,11,,
dom11,dom,social,group,early,fourteen,12,3,3,0,3,0.43,43,16,,,15,,,0.9375,0.88700565,,0,0,92,11.5,,
dom11,dom,social,group,early,fourteen,13,7,7,0,7,1,100,14,,,13,,,0.928571429,0.88700565,,0,0,91,11.375,,
dom11,dom,social,group,early,fourteen,14,5,4,2,6,0.86,86,12,,,10,,,0.833333333,0.88700565,,0,0,101,12.625,,9.2125
dom13,dom,social,group,early,fourteen,1,1,1,0,1,0.14,14,23,16.92857143,-10,17,15.21428571,-5,0.739130435,0.898734177,0.898734177,,,75,9.375,,
dom13,dom,social,group,early,fourteen,2,1,1,2,3,0.43,43,18,,,16,,,0.888888889,0.898734177,,,,78,9.75,,
dom13,dom,social,group,early,fourteen,3,1,4,1,5,0.71,71,15,,,15,,,1,0.898734177,,,,69,8.625,,
dom13,dom,social,group,early,fourteen,4,4,2,2,4,0.57,57,22,,,20,,,0.909090909,0.898734177,,,,79,9.875,,
dom13,dom,social,group,early,fourteen,5,2,2,1,3,0.43,43,24,,,20,,,0.833333333,0.898734177,,,,88,11,,
dom13,dom,social,group,early,fourteen,6,3,2,2,4,0.57,57,19,,,19,,,1,0.898734177,,,,90,11.25,,
dom13,dom,social,group,early,fourteen,7,1,1,0,1,0.14,14,18,,,18,,,1,0.898734177,,,,101,12.625,,
dom13,dom,social,group,early,fourteen,8,1,1,1,1,0.14,14,15,,,13,,,0.866666667,0.898734177,,,,105,13.125,,
dom13,dom,social,group,early,fourteen,9,2,1,3,4,0.57,57,10,,,9,,,0.9,0.898734177,,,,103,12.875,,
dom13,dom,social,group,early,fourteen,10,4,2,3,5,0.71,71,14,,,12,,,0.857142857,0.898734177,,,,100,12.5,12.78125,
dom13,dom,social,group,early,fourteen,11,4,2,3,5,0.71,71,15,,,15,,,1,0.898734177,,,,110,13.75,,
dom13,dom,social,group,early,fourteen,12,4,2,3,5,0.71,71,17,,,16,,,0.941176471,0.898734177,,,,112,14,,
dom13,dom,social,group,early,fourteen,13,4,3,3,6,0.86,86,14,,,11,,,0.785714286,0.898734177,,,,115,14.375,,
dom13,dom,social,group,early,fourteen,14,5,4,3,7,1,100,13,,,12,,,0.923076923,0.898734177,,,,121,15.125,,11.1
dom5,dom,social,group,not,twentytwo,1,4,1,0,1,0.14,14,5,17.81818182,9,3,14.5,10,0.6,0.81377551,0.81377551,,,67,8.375,,
dom5,dom,social,group,not,twentytwo,2,2,1,0,2,0.29,29,29,,,23,,,0.793103448,0.81377551,,,,58,7.25,,
dom5,dom,social,group,not,twentytwo,3,2,1,2,3,0.43,43,29,,,23,,,0.793103448,0.81377551,,,,68,8.5,,
dom5,dom,social,group,not,twentytwo,4,2,3,5,8,1,100,31,,,24,,,0.774193548,0.81377551,,,,63,7.875,,
dom5,dom,social,group,not,twentytwo,5,1,1,3,4,0.57,57,24,,,19,,,0.791666667,0.81377551,,,,65,8.125,,
dom5,dom,social,group,not,twentytwo,6,3,2,4,6,0.86,86,28,,,17,,,0.607142857,0.81377551,,,,71,8.875,,
dom5,dom,social,group,not,twentytwo,7,3,2,1,3,0.43,43,20,,,16,,,0.8,0.81377551,,,,71,8.875,,
dom5,dom,social,group,not,twentytwo,8,2,2,4,6,0.86,86,18,,,15,,,0.833333333,0.81377551,,,,79,9.875,,
dom5,dom,social,group,not,twentytwo,9,4,3,0,3,0.43,43,21,,,19,,,0.904761905,0.81377551,,,,65,8.125,,
dom5,dom,social,group,not,twentytwo,10,5,0,0,0,0,0,15,,,13,,,0.866666667,0.81377551,,,,78,9.75,,
dom5,dom,social,group,not,twentytwo,11,6,1,2,3,0.43,43,16,,,13,,,0.8125,0.81377551,,,,89,11.125,,
dom5,dom,social,group,not,twentytwo,12,3,1,3,4,0.57,57,9,,,8,,,0.888888889,0.81377551,,,,84,10.5,,
dom5,dom,social,group,not,twentytwo,13,2,1,0,1,0.14,14,16,,,14,,,0.875,0.81377551,,,,90,11.25,,
dom5,dom,social,group,not,twentytwo,14,4,2,3,5,0.71,71,16,,,15,,,0.9375,0.81377551,,,,97,12.125,,
dom5,dom,social,group,not,twentytwo,15,1,2,0,2,0.29,29,23,,,21,,,0.913043478,0.81377551,,,,101,12.625,,
dom5,dom,social,group,not,twentytwo,16,1,2,0,2,0.29,29,14,,,11,,,0.785714286,0.81377551,,,,110,13.75,,
dom5,dom,social,group,not,twentytwo,17,2,5,0,5,0.71,71,18,,,12,,,0.666666667,0.81377551,,,,113,14.125,,
dom5,dom,social,group,not,twentytwo,18,3,2,1,3,0.43,43,15,,,15,,,1,0.81377551,,,,104,13,,
dom5,dom,social,group,not,twentytwo,19,2,2,1,3,0.43,43,10,,,9,,,0.9,0.81377551,,,,116,14.5,,
dom5,dom,social,group,not,twentytwo,20,2,1,0,1,0.14,14,11,,,9,,,0.818181818,0.81377551,,,,123,15.375,,
dom5,dom,social,group,not,twentytwo,21,1,5,0,5,0.71,71,10,,,7,,,0.7,0.81377551,,,,117,14.625,,
dom5,dom,social,group,not,twentytwo,22,2,1,0,1,0.14,14,14,,,13,,,0.928571429,0.81377551,,,,125,15.625,15.03125,8.5625
dom7,dom,social,group,early,twentytwo,1,2,1,0,1,0.14,14,22,19.45454545,-8,19,17,-5,0.863636364,0.873831776,0.873831776,,,72,9,,
dom7,dom,social,group,early,twentytwo,2,4,3,1,4,0.57,57,20,,,20,,,1,0.873831776,,,,67,8.375,,
dom7,dom,social,group,early,twentytwo,3,2,1,1,2,0.29,29,4,,,4,,,1,0.873831776,,,,75,9.375,,
dom7,dom,social,group,early,twentytwo,4,2,1,1,2,0.29,29,17,,,15,,,0.882352941,0.873831776,,,,73,9.125,,
dom7,dom,social,group,early,twentytwo,5,2,2,2,4,0.57,57,12,,,9,,,0.75,0.873831776,,,,89,11.125,,
dom7,dom,social,group,early,twentytwo,6,4,3,1,4,0.57,57,5,,,4,,,0.8,0.873831776,,,,79,9.875,,
dom7,dom,social,group,early,twentytwo,7,4,4,2,6,0.86,86,24,,,23,,,0.958333333,0.873831776,,,,83,10.375,10.125,
dom7,dom,social,group,early,twentytwo,8,2,2,4,6,0.86,86,17,,,16,,,0.941176471,0.873831776,,,,92,11.5,,
dom7,dom,social,group,early,twentytwo,9,3,4,1,5,0.71,71,16,,,15,,,0.9375,0.873831776,,,,88,11,,
dom7,dom,social,group,early,twentytwo,10,4,3,4,7,1,100,14,,,12,,,0.857142857,0.873831776,,,,108,13.5,,
dom7,dom,social,group,early,twentytwo,11,3,4,2,6,0.86,86,20,,,15,,,0.75,0.873831776,,,,101,12.625,,
dom7,dom,social,group,early,twentytwo,12,3,5,2,7,1,100,23,,,17,,,0.739130435,0.873831776,,,,127,15.875,,
dom7,dom,social,group,early,twentytwo,13,3,2,2,4,0.57,57,25,,,18,,,0.72,0.873831776,,,,130,16.25,,
dom7,dom,social,group,early,twentytwo,14,7,3,5,8,1,100,23,,,19,,,0.826086957,0.873831776,,,,124,15.5,,
dom7,dom,social,group,early,twentytwo,15,3,4,4,8,1,100,27,,,23,,,0.851851852,0.873831776,,,,118,14.75,,
dom7,dom,social,group,early,twentytwo,16,3,3,3,6,0.86,86,21,,,19,,,0.904761905,0.873831776,,,,125,15.625,,
dom7,dom,social,group,early,twentytwo,17,4,2,4,6,0.86,86,33,,,32,,,0.96969697,0.873831776,,,,131,16.375,,
dom7,dom,social,group,early,twentytwo,18,5,3,5,8,1,100,25,,,19,,,0.76,0.873831776,,,,128,16,,
dom7,dom,social,group,early,twentytwo,19,5,4,3,7,1,100,26,,,23,,,0.884615385,0.873831776,,,,136,17,,
dom7,dom,social,group,early,twentytwo,20,4,2,5,7,1,100,18,,,17,,,0.944444444,0.873831776,,,,123,15.375,,
dom7,dom,social,group,early,twentytwo,21,6,5,3,8,1,100,22,,,21,,,0.954545455,0.873831776,,,,110,13.75,,
dom7,dom,social,group,early,twentytwo,22,5,5,3,8,1,100,14,,,14,,,1,0.873831776,,,,130,16.25,,10.325
dom8,dom,social,group,late,twentytwo,1,1,1,0,1,0.14,14,2,12.36363636,2,2,10.5,2,1,0.849264706,0.849264706,,,68,8.5,,
dom8,dom,social,group,late,twentytwo,2,3,0,0,0,0,0,15,,,15,,,1,0.849264706,,,,75,9.375,,
dom8,dom,social,group,late,twentytwo,3,2,1,0,1,0.14,14,17,,,15,,,0.882352941,0.849264706,,,,63,7.875,,
dom8,dom,social,group,late,twentytwo,4,1,0,0,0,0,0,11,,,10,,,0.909090909,0.849264706,,,,69,8.625,,
dom8,dom,social,group,late,twentytwo,5,0,0,0,0,0,0,1,,,1,,,1,0.849264706,,,,71,8.875,,
dom8,dom,social,group,late,twentytwo,6,0,0,0,0,0,0,18,,,16,,,0.888888889,0.849264706,,,,79,9.875,,
dom8,dom,social,group,late,twentytwo,7,3,0,0,0,0,0,4,,,4,,,1,0.849264706,,,,78,9.75,,
dom8,dom,social,group,late,twentytwo,8,1,1,0,1,0.14,14,20,,,18,,,0.9,0.849264706,,,,84,10.5,,
dom8,dom,social,group,late,twentytwo,9,4,0,0,0,0,0,2,,,2,,,1,0.849264706,,,,79,9.875,,
dom8,dom,social,group,late,twentytwo,10,4,0,0,0,0,0,8,,,8,,,1,0.849264706,,,,88,11,,
dom8,dom,social,group,late,twentytwo,11,2,1,3,4,0.57,57,3,,,3,,,1,0.849264706,,,,105,13.125,,
dom8,dom,social,group,late,twentytwo,12,3,2,3,5,0.71,71,11,,,11,,,1,0.849264706,,,,115,14.375,,
dom8,dom,social,group,late,twentytwo,13,2,1,0,1,0.14,14,15,,,14,,,0.933333333,0.849264706,,,,109,13.625,,
dom8,dom,social,group,late,twentytwo,14,4,0,0,0,0,0,29,,,23,,,0.793103448,0.849264706,,,,127,15.875,,
dom8,dom,social,group,late,twentytwo,15,4,4,0,4,0.57,57,18,,,11,,,0.611111111,0.849264706,,,,130,16.25,,
dom8,dom,social,group,late,twentytwo,16,2,4,0,4,0.57,57,18,,,14,,,0.777777778,0.849264706,,,,125,15.625,,
dom8,dom,social,group,late,twentytwo,17,2,0,0,0,0,0,18,,,14,,,0.777777778,0.849264706,,,,133,16.625,,
dom8,dom,social,group,late,twentytwo,18,4,2,0,2,0.29,29,16,,,12,,,0.75,0.849264706,,,,127,15.875,,
dom8,dom,social,group,late,twentytwo,19,3,3,2,5,0.71,71,16,,,11,,,0.6875,0.849264706,,,,138,17.25,,
dom8,dom,social,group,late,twentytwo,20,4,2,2,4,0.57,57,16,,,15,,,0.9375,0.849264706,,,,145,18.125,,
dom8,dom,social,group,late,twentytwo,21,4,4,2,6,0.86,86,10,,,8,,,0.8,0.849264706,,,,126,15.75,16.75,
dom8,dom,social,group,late,twentytwo,22,5,3,2,5,0.71,71,4,,,4,,,1,0.849264706,,,,118,14.75,,9.425
dom9,dom,social,group,early,twentytwo,1,1,1,0,1,0.14,14,21,20.77272727,-3,20,18.18181818,-5,0.952380952,0.875273523,0.875273523,,,47,5.875,,
dom9,dom,social,group,early,twentytwo,2,1,1,0,1,0.14,14,26,,,22,,,0.846153846,0.875273523,,,,56,7,,
dom9,dom,social,group,early,twentytwo,3,1,1,0,1,0.14,14,0,,,0,,,0,0.875273523,,,,88,11,,
dom9,dom,social,group,early,twentytwo,4,1,1,0,1,0.14,14,0,,,0,,,0,0.875273523,,,,73,9.125,,
dom9,dom,social,group,early,twentytwo,5,1,1,0,1,0.14,14,4,,,3,,,0.75,0.875273523,,,,78,9.75,,
dom9,dom,social,group,early,twentytwo,6,1,1,0,1,0.14,14,25,,,20,,,0.8,0.875273523,,,,77,9.625,,
dom9,dom,social,group,early,twentytwo,7,3,1,0,1,0.14,14,29,,,23,,,0.793103448,0.875273523,,,,83,10.375,,
dom9,dom,social,group,early,twentytwo,8,6,1,0,1,0.14,14,31,,,26,,,0.838709677,0.875273523,,,,90,11.25,,
dom9,dom,social,group,early,twentytwo,9,7,1,2,3,0.43,43,14,,,11,,,0.785714286,0.875273523,,,,94,11.75,,
dom9,dom,social,group,early,twentytwo,10,7,4,3,7,1,100,28,,,26,,,0.928571429,0.875273523,,,,99,12.375,11.4375,
dom9,dom,social,group,early,twentytwo,11,5,3,3,6,0.86,86,32,,,30,,,0.9375,0.875273523,,,,101,12.625,,
dom9,dom,social,group,early,twentytwo,12,8,3,2,5,0.71,71,23,,,23,,,1,0.875273523,,,,127,15.875,,
dom9,dom,social,group,early,twentytwo,13,6,4,2,6,0.86,86,16,,,16,,,1,0.875273523,,,,130,16.25,,
dom9,dom,social,group,early,twentytwo,14,6,3,3,6,0.86,86,30,,,25,,,0.833333333,0.875273523,,,,124,15.5,,
dom9,dom,social,group,early,twentytwo,15,5,4,2,6,0.86,86,33,,,29,,,0.878787879,0.875273523,,,,130,16.25,,
dom9,dom,social,group,early,twentytwo,16,4,3,3,6,0.86,86,28,,,22,,,0.785714286,0.875273523,,,,135,16.875,,
dom9,dom,social,group,early,twentytwo,17,4,5,2,7,1,100,15,,,13,,,0.866666667,0.875273523,,,,110,13.75,,
dom9,dom,social,group,early,twentytwo,18,6,6,1,7,1,100,25,,,24,,,0.96,0.875273523,,,,123,15.375,,
dom9,dom,social,group,early,twentytwo,19,5,3,2,5,0.71,71,21,,,21,,,1,0.875273523,,,,141,17.625,,
dom9,dom,social,group,early,twentytwo,20,5,5,2,7,1,100,29,,,23,,,0.793103448,0.875273523,,,,138,17.25,,
dom9,dom,social,group,early,twentytwo,21,4,8,0,8,1,100,9,,,8,,,0.888888889,0.875273523,,,,142,17.75,,
dom9,dom,social,group,early,twentytwo,22,7,3,3,7,1,100,18,,,15,,,0.833333333,0.875273523,,,,139,17.375,,9.8125
sub1,sub,social,group,not,six,1,1,1,1,2,0.29,29,15,4,-13,14,3,-13,0.933333333,0.75,0.75,,,153,19.125,,
sub1,sub,social,group,not,six,2,1,3,2,5,0.71,71,0,,,0,,,0,0.75,,,,105,13.125,,
sub1,sub,social,group,not,six,3,3,1,1,2,0.29,29,2,,,0,,,0,0.75,,,,111,13.875,,
sub1,sub,social,group,not,six,4,1,1,0,1,0.14,14,3,,,1,,,0.333333333,0.75,,,,113,14.125,,
sub1,sub,social,group,not,six,5,4,0,0,0,0,0,2,,,2,,,1,0.75,,,,132,16.5,,
sub1,sub,social,group,not,six,6,5,0,0,0,0,0,2,,,1,,,0.5,0.75,,,,111,13.875,14.59375,15.10416667
sub2,sub,social,group,not,six,1,0,0,0,0,0,0,10,5,-3,6,2.5,-2,0.6,0.5,0.5,,,85,10.625,,
sub2,sub,social,group,not,six,2,1,1,0,1,0.14,14,3,,,0,,,0,0.5,,,,52,6.5,,
sub2,sub,social,group,not,six,3,1,3,1,4,0.57,57,5,,,4,,,0.8,0.5,,,,65,8.125,,
sub2,sub,social,group,not,six,4,7,1,2,3,0.43,43,4,,,1,,,0.25,0.5,,,,61,7.625,,
sub2,sub,social,group,not,six,5,4,1,7,8,1,100,1,,,0,,,0,0.5,,,,45,5.625,,
sub2,sub,social,group,not,six,6,3,1,2,3,0.43,43,7,,,4,,,0.571428571,0.5,0.583333333,,,86,10.75,8.03125,8.208333333
sub3,sub,social,group,not,six,1,4,4,1,5,0.71,71,1,1,0,1,0.5,-1,1,0.5,,,,174,21.75,,
sub3,sub,social,group,not,six,2,6,2,2,4,0.57,57,1,,,1,,,1,0.5,,,,126,15.75,,
sub3,sub,social,group,not,six,3,4,1,1,2,0.29,29,1,,,0,,,0,0.5,,,,121,15.125,,
sub3,sub,social,group,not,six,4,2,1,3,4,0.57,57,2,,,1,,,0.5,0.5,,,,78,9.75,,
sub3,sub,social,group,not,six,5,4,5,0,5,0.71,71,0,,,0,,,0,0.5,,,,101,12.625,,
sub3,sub,social,group,not,six,6,6,2,2,4,0.57,57,1,,,0,,,0,0.5,,,,113,14.125,12.90625,14.85416667
sub4,sub,social,group,not,six,1,2,1,0,1,0.14,14,2,11,7,2,6.5,4,1,0.590909091,0.590909091,,,48,6,,
sub4,sub,social,group,not,six,2,2,1,1,2,0.29,29,19,,,11,,,0.578947368,0.590909091,,,,79,9.875,,
sub4,sub,social,group,not,six,3,2,1,2,3,0.43,43,17,,,11,,,0.647058824,0.590909091,,,,93,11.625,,
sub4,sub,social,group,not,six,4,3,1,2,3,0.43,43,12,,,6,,,0.5,0.590909091,,,,104,13,,
sub4,sub,social,group,not,six,5,4,2,3,5,0.71,71,7,,,3,,,0.428571429,0.590909091,,,,83,10.375,,
sub4,sub,social,group,not,six,6,5,1,3,4,0.57,57,9,,,6,,,0.666666667,0.590909091,,,,110,13.75,12.1875,10.77083333
sub9,sub,social,group,early,fourteen,1,0,0,0,0,0,0,1,5.142857143,-1,1,3.071428571,-1,1,0.597222222,0.597222222,,,66,8.25,,
sub9,sub,social,group,early,fourteen,2,4,3,0,3,0.43,43,5,,,4,,,0.8,0.597222222,,,,78,9.75,,
sub9,sub,social,group,early,fourteen,3,2,3,0,3,0.43,43,7,,,4,,,0.571428571,0.597222222,,,,72,9,,
sub9,sub,social,group,early,fourteen,4,3,1,0,1,0.14,14,7,,,3,,,0.428571429,0.597222222,,,,89,11.125,,
sub9,sub,social,group,early,fourteen,5,1,1,0,1,0.14,14,0,,,0,,,0,0.597222222,,,,93,11.625,,
sub9,sub,social,group,early,fourteen,6,5,3,2,5,0.71,71,8,,,5,,,0.625,0.597222222,,,,79,9.875,10.40625,
sub9,sub,social,group,early,fourteen,7,6,3,3,6,0.86,86,7,,,5,,,0.714285714,0.597222222,,,,88,11,,
sub9,sub,social,group,early,fourteen,8,3,2,2,4,0.57,57,20,,,9,,,0.45,0.597222222,,,,95,11.875,,
sub9,sub,social,group,early,fourteen,9,3,3,1,4,0.57,57,1,,,0,,,0,0.597222222,,,,101,12.625,,
sub9,sub,social,group,early,fourteen,10,8,4,4,8,1,100,11,,,7,,,0.636363636,0.597222222,,,,113,14.125,,
sub9,sub,social,group,early,fourteen,11,4,2,4,6,0.86,86,0,,,0,,,0,0.597222222,,,,110,13.75,,
sub9,sub,social,group,early,fourteen,12,5,4,3,7,1,100,4,,,4,,,1,0.597222222,,,,118,14.75,,
sub9,sub,social,group,early,fourteen,13,2,2,0,2,0.29,29,1,,,1,,,1,0.597222222,,,,113,14.125,,
sub9,sub,social,group,early,fourteen,14,2,4,0,4,0.57,57,0,,,0,,,0,0.597222222,,,,119,14.875,,10.925
sub10,sub,social,group,early,fourteen,1,0,0,0,0,0,0,1,9.857142857,9,1,5.285714286,5,1,0.536231884,0.536231884,,,67,8.375,,
sub10,sub,social,group,early,fourteen,2,1,1,0,1,0.14,14,7,,,4,,,0.571428571,0.536231884,,,,85,10.625,,
sub10,sub,social,group,early,fourteen,3,1,1,0,1,0.14,14,9,,,5,,,0.555555556,0.536231884,,,,90,11.25,,
sub10,sub,social,group,early,fourteen,4,1,2,1,3,0.43,43,14,,,5,,,0.357142857,0.536231884,,,,98,12.25,,
sub10,sub,social,group,early,fourteen,5,2,2,1,3,0.43,43,2,,,1,,,0.5,0.536231884,,,,92,11.5,,
sub10,sub,social,group,early,fourteen,6,4,2,1,3,0.43,43,10,,,5,,,0.5,0.536231884,,,,110,13.75,,
sub10,sub,social,group,early,fourteen,7,6,3,2,5,0.71,71,17,,,9,,,0.529411765,0.536231884,,,,108,13.5,12.75,
sub10,sub,social,group,early,fourteen,8,7,3,2,5,0.71,71,10,,,6,,,0.6,0.536231884,,,,113,14.125,,
sub10,sub,social,group,early,fourteen,9,3,2,2,4,0.57,57,13,,,7,,,0.538461538,0.536231884,,,,120,15,,
sub10,sub,social,group,early,fourteen,10,2,4,3,7,1,100,13,,,8,,,0.615384615,0.536231884,,,,124,15.5,,
sub10,sub,social,group,early,fourteen,11,4,4,2,6,0.86,86,15,,,9,,,0.6,0.536231884,,,,118,14.75,,
sub10,sub,social,group,early,fourteen,12,6,4,2,6,0.86,86,6,,,3,,,0.5,0.536231884,,,,127,15.875,,
sub10,sub,social,group,early,fourteen,13,2,2,0,2,0.29,29,11,,,5,,,0.454545455,0.536231884,,,,130,16.25,,
sub10,sub,social,group,early,fourteen,14,3,4,4,8,1,100,10,,,6,,,0.6,0.536231884,,,,131,16.375,,12.5875
sub11,sub,social,group,early,fourteen,1,1,2,0,2,0.29,29,2,6.571428571,2,1,4.142857143,0,0.5,0.630434783,0.630434783,,,100,12.5,,
sub11,sub,social,group,early,fourteen,2,3,1,0,1,0.14,14,8,,,1,,,0.125,0.630434783,,,,101,12.625,,
sub11,sub,social,group,early,fourteen,3,1,1,0,1,0.14,14,8,,,6,,,0.75,0.630434783,,,,94,11.75,,
sub11,sub,social,group,early,fourteen,4,2,2,2,4,0.57,57,7,,,4,,,0.571428571,0.630434783,,,,110,13.75,,
sub11,sub,social,group,early,fourteen,5,3,5,0,5,0.71,71,15,,,11,,,0.733333333,0.630434783,,,,99,12.375,,
sub11,sub,social,group,early,fourteen,6,2,1,0,1,0.14,14,11,,,7,,,0.636363636,0.630434783,,,,112,14,,
sub11,sub,social,group,early,fourteen,7,4,1,1,2,0.29,29,0,,,0,,,0,0.630434783,,,,128,16,,
sub11,sub,social,group,early,fourteen,8,3,3,3,6,0.86,86,1,,,1,,,1,0.630434783,,,,132,16.5,,
sub11,sub,social,group,early,fourteen,9,4,1,1,2,0.29,29,14,,,11,,,0.785714286,0.630434783,,,,125,15.625,,
sub11,sub,social,group,early,fourteen,10,5,1,4,5,0.71,71,6,,,6,,,1,0.630434783,,,,130,16.25,16.09375,
sub11,sub,social,group,early,fourteen,11,5,2,4,6,0.86,86,6,,,4,,,0.666666667,0.630434783,,,,129,16.125,,
sub11,sub,social,group,early,fourteen,12,6,3,4,7,1,100,6,,,3,,,0.5,0.630434783,,,,132,16.5,,
sub11,sub,social,group,early,fourteen,13,2,5,1,6,0.86,86,4,,,2,,,0.5,0.630434783,,,,124,15.5,,
sub11,sub,social,group,early,fourteen,14,3,5,1,6,0.86,86,4,,,1,,,0.25,0.630434783,,,,120,15,,14.1375
sub5,sub,social,group,not,twentytwo,1,3,1,0,4,0.57,57,21,7.045454545,-21,9,4.363636364,-9,0.428571429,0.619354839,0.619354839,,,65,8.125,,
sub5,sub,social,group,not,twentytwo,2,2,1,0,1,0.14,14,25,,,17,,,0.68,0.619354839,,,,48,6,,
sub5,sub,social,group,not,twentytwo,3,3,1,0,1,0.14,14,25,,,16,,,0.64,0.619354839,,,,78,9.75,,
sub5,sub,social,group,not,twentytwo,4,1,1,0,1,0.14,14,12,,,8,,,0.666666667,0.619354839,,,,83,10.375,,
sub5,sub,social,group,not,twentytwo,5,6,1,0,1,0.14,14,19,,,13,,,0.684210526,0.619354839,,,,89,11.125,,
sub5,sub,social,group,not,twentytwo,6,4,1,2,3,0.43,43,5,,,3,,,0.6,0.619354839,,,,94,11.75,,
sub5,sub,social,group,not,twentytwo,7,0,0,0,0,0,0,2,,,1,,,0.5,0.619354839,,,,110,13.75,,
sub5,sub,social,group,not,twentytwo,8,2,1,3,4,0.57,57,12,,,11,,,0.916666667,0.619354839,,,,78,9.75,,
sub5,sub,social,group,not,twentytwo,9,5,0,0,0,0,0,0,,,0,,,0,0.619354839,,,,102,12.75,,
sub5,sub,social,group,not,twentytwo,10,3,1,4,5,0.71,71,7,,,4,,,0.571428571,0.619354839,,,,123,15.375,,
sub5,sub,social,group,not,twentytwo,11,3,0,0,0,0,0,2,,,0,,,0,0.619354839,,,,118,14.75,,
sub5,sub,social,group,not,twentytwo,12,4,1,2,3,0.43,43,4,,,2,,,0.5,0.619354839,,,,124,15.5,,
sub5,sub,social,group,not,twentytwo,13,3,1,2,3,0.43,43,5,,,3,,,0.6,0.619354839,,,,127,15.875,,
sub5,sub,social,group,not,twentytwo,14,3,3,0,3,0.43,43,3,,,2,,,0.666666667,0.619354839,,,,130,16.25,,
sub5,sub,social,group,not,twentytwo,15,3,3,1,4,0.57,57,5,,,3,,,0.6,0.619354839,,,,132,16.5,,
sub5,sub,social,group,not,twentytwo,16,4,2,0,2,0.29,29,0,,,0,,,0,0.619354839,,,,127,15.875,,
sub5,sub,social,group,not,twentytwo,17,5,2,1,3,0.43,43,2,,,2,,,1,0.619354839,,,,123,15.375,,
sub5,sub,social,group,not,twentytwo,18,3,3,2,5,0.71,71,1,,,1,,,1,0.619354839,,,,114,14.25,,
sub5,sub,social,group,not,twentytwo,19,2,2,2,4,0.57,57,0,,,0,,,0,0.619354839,,,,128,16,,
sub5,sub,social,group,not,twentytwo,20,3,3,0,3,0.43,43,4,,,1,,,0.25,0.619354839,,,,152,19,,
sub5,sub,social,group,not,twentytwo,21,2,2,3,5,0.71,71,1,,,0,,,0,0.619354839,,,,148,18.5,,
sub5,sub,social,group,not,twentytwo,22,2,1,1,2,0.29,29,0,,,0,,,0,0.619354839,,,,150,18.75,18.0625,10.875
sub6,sub,social,group,early,twentytwo,1,4,5,0,5,0.71,71,7,4.772727273,-7,2,2.681818182,-2,0.285714286,0.561904762,0.561904762,,,72,9,,
sub6,sub,social,group,early,twentytwo,2,1,1,1,2,0.29,29,0,,,0,,,0,0.561904762,,,,84,10.5,,
sub6,sub,social,group,early,twentytwo,3,1,1,0,1,0.14,14,25,,,12,,,0.48,0.561904762,,,,98,12.25,,
sub6,sub,social,group,early,twentytwo,4,4,1,3,4,0.57,57,13,,,10,,,0.769230769,0.561904762,,,,103,12.875,,
sub6,sub,social,group,early,twentytwo,5,2,2,4,6,0.86,86,25,,,14,,,0.56,0.561904762,,,,110,13.75,12.34375,
sub6,sub,social,group,early,twentytwo,6,4,3,2,5,0.71,71,17,,,12,,,0.705882353,0.561904762,,,,99,12.375,,
sub6,sub,social,group,early,twentytwo,7,8,4,2,6,0.86,86,9,,,4,,,0.444444444,0.561904762,,,,101,12.625,,
sub6,sub,social,group,early,twentytwo,8,3,3,4,7,1,100,6,,,3,,,0.5,0.561904762,,,,117,14.625,,
sub6,sub,social,group,early,twentytwo,9,5,5,2,7,1,100,2,,,2,,,1,0.561904762,,,,124,15.5,,
sub6,sub,social,group,early,twentytwo,10,5,2,2,4,0.57,57,1,,,0,,,0,0.561904762,,,,123,15.375,,
sub6,sub,social,group,early,twentytwo,11,4,3,0,3,0.43,43,0,,,0,,,0,0.561904762,,,,127,15.875,,
sub6,sub,social,group,early,twentytwo,12,4,3,3,6,0.86,86,0,,,0,,,0,0.561904762,,,,130,16.25,,
sub6,sub,social,group,early,twentytwo,13,8,3,5,8,1,100,0,,,0,,,0,0.561904762,,,,120,15,,
sub6,sub,social,group,early,twentytwo,14,6,5,2,7,1,100,0,,,0,,,0,0.561904762,,,,134,16.75,,
sub6,sub,social,group,early,twentytwo,15,2,5,2,7,1,100,0,,,0,,,0,0.561904762,,,,132,16.5,,
sub6,sub,social,group,early,twentytwo,16,7,6,2,8,1,100,0,,,0,,,0,0.561904762,,,,140,17.5,,
sub6,sub,social,group,early,twentytwo,17,3,3,3,6,0.86,86,0,,,0,,,0,0.561904762,,,,144,18,,
sub6,sub,social,group,early,twentytwo,18,3,4,3,7,1,100,0,,,0,,,0,0.561904762,,,,138,17.25,,
sub6,sub,social,group,early,twentytwo,19,3,3,4,7,1,100,0,,,0,,,0,0.561904762,,,,153,19.125,,
sub6,sub,social,group,early,twentytwo,20,3,2,4,6,0.86,86,0,,,0,,,0,0.561904762,,,,156,19.5,,
sub6,sub,social,group,early,twentytwo,21,4,4,3,7,1,100,0,,,0,,,0,0.561904762,,,,150,18.75,,
sub6,sub,social,group,early,twentytwo,22,5,5,3,8,1,100,0,,,0,,,0,0.561904762,,,,162,20.25,,12.8875
sub8,sub,social,group,late,twentytwo,1,2,0,0,0,0,0,0,17.68181818,22,0,13.95454545,11,0,0.789203085,0.789203085,,,48,6,,
sub8,sub,social,group,late,twentytwo,2,0,1,0,1,0.14,14,0,,,0,,,0,0.789203085,,,,49,6.125,,
sub8,sub,social,group,late,twentytwo,3,1,2,0,2,0.29,29,0,,,0,,,0,0.789203085,,,,52,6.5,,
sub8,sub,social,group,late,twentytwo,4,2,1,0,1,0.14,14,0,,,0,,,0,0.789203085,,,,60,7.5,,
sub8,sub,social,group,late,twentytwo,5,0,0,0,0,0,0,20,,,16,,,0.8,0.789203085,,,,74,9.25,,
sub8,sub,social,group,late,twentytwo,6,0,0,0,0,0,0,3,,,2,,,0.666666667,0.789203085,,,,89,11.125,,
sub8,sub,social,group,late,twentytwo,7,1,1,0,1,0.14,14,3,,,0,,,0,0.789203085,,,,94,11.75,,
sub8,sub,social,group,late,twentytwo,8,2,0,0,0,0,0,1,,,0,,,0,0.789203085,,,,99,12.375,,
sub8,sub,social,group,late,twentytwo,9,3,0,0,0,0,0,0,,,0,,,0,0.789203085,,,,93,11.625,,
sub8,sub,social,group,late,twentytwo,10,4,0,0,0,0,0,32,,,28,,,0.875,0.789203085,,,,110,13.75,,
sub8,sub,social,group,late,twentytwo,11,3,1,0,1,0.14,14,29,,,26,,,0.896551724,0.789203085,,,,102,12.75,,
sub8,sub,social,group,late,twentytwo,12,2,0,0,0,0,0,41,,,38,,,0.926829268,0.789203085,,,,118,14.75,,
sub8,sub,social,group,late,twentytwo,13,3,1,0,1,0.14,14,28,,,21,,,0.75,0.789203085,,,,121,15.125,,
sub8,sub,social,group,late,twentytwo,14,3,0,0,0,0,0,20,,,18,,,0.9,0.789203085,,,,123,15.375,,
sub8,sub,social,group,late,twentytwo,15,4,0,0,0,0,0,24,,,21,,,0.875,0.789203085,,,,119,14.875,,
sub8,sub,social,group,late,twentytwo,16,3,1,1,2,0.29,29,28,,,23,,,0.821428571,0.789203085,,,,127,15.875,,
sub8,sub,social,group,late,twentytwo,17,3,1,1,2,0.29,29,17,,,15,,,0.882352941,0.789203085,,,,128,16,,
sub8,sub,social,group,late,twentytwo,18,2,2,4,6,0.86,86,17,,,16,,,0.941176471,0.789203085,,,,129,16.125,,
sub8,sub,social,group,late,twentytwo,19,2,2,2,4,0.57,57,25,,,22,,,0.88,0.789203085,,,,117,14.625,,
sub8,sub,social,group,late,twentytwo,20,3,3,4,7,1,100,43,,,27,,,0.627906977,0.789203085,,,,132,16.5,15.8125,
sub8,sub,social,group,late,twentytwo,21,3,4,2,6,0.86,86,36,,,23,,,0.638888889,0.789203085,,,,141,17.625,,
sub8,sub,social,group,late,twentytwo,22,4,3,2,5,0.71,71,22,,,11,,,0.5,0.789203085,,,,148,18.5,,9.6
sub12,sub,social,group,late,twentytwo,1,1,2,1,3,0.43,43,0,3.176470588,8,0,2.176470588,6,0,0.685185185,0.685185185,,,78,9.75,,
sub12,sub,social,group,late,twentytwo,2,0,3,0,3,0.43,43,0,,,0,,,0,0.685185185,,,,64,8,,
sub12,sub,social,group,late,twentytwo,3,2,1,0,1,0.14,14,7,,,5,,,0.714285714,0.685185185,,,,82,10.25,,
sub12,sub,social,group,late,twentytwo,4,1,1,0,1,0.14,14,9,,,7,,,0.777777778,0.685185185,,,,90,11.25,,
sub12,sub,social,group,late,twentytwo,5,2,1,2,3,0.43,43,0,,,0,,,0,0.685185185,,,,99,12.375,,
sub12,sub,social,group,late,twentytwo,6,4,1,2,3,0.43,43,5,,,3,,,0.6,0.685185185,,,,110,13.75,,
sub12,sub,social,group,late,twentytwo,7,3,2,3,5,0.71,71,0,,,0,,,0,0.685185185,,,,120,15,,
sub12,sub,social,group,late,twentytwo,8,3,4,0,4,0.57,57,8,,,4,,,0.5,0.685185185,,,,123,15.375,,
sub12,sub,social,group,late,twentytwo,9,1,1,0,1,0.14,14,0,,,0,,,0,0.685185185,,,,117,14.625,,
sub12,sub,social,group,late,twentytwo,15,4,2,2,4,0.57,57,0,,,0,,,0,0.685185185,,,,132,16.5,,
sub12,sub,social,group,late,twentytwo,16,3,2,2,4,0.57,57,4,,,3,,,0.75,0.685185185,,,,140,17.5,,
sub12,sub,social,group,late,twentytwo,17,4,4,2,6,0.86,86,0,,,0,,,0,0.685185185,,,,137,17.125,,
sub12,sub,social,group,late,twentytwo,18,2,1,0,1,0.14,14,8,,,6,,,0.75,0.685185185,,,,128,16,,
sub12,sub,social,group,late,twentytwo,19,4,2,3,5,0.71,71,0,,,0,,,0,0.685185185,,,,127,15.875,16.625,
sub12,sub,social,group,late,twentytwo,20,3,2,3,5,0.71,71,0,,,0,,,0,0.685185185,,,,129,16.125,,
sub12,sub,social,group,late,twentytwo,21,3,2,1,3,0.43,43,5,,,3,,,0.6,0.685185185,,,,120,15,,
sub12,sub,social,group,late,twentytwo,22,4,2,4,6,0.86,86,8,,,6,,,0.75,0.685185185,,,,131,16.375,,13.5
male1,male,individual,alone,not,six,1,0,0,NA,0,0,0,0,,,0,,,0,0,,,,0,0,,
male1,male,individual,alone,not,six,2,0,0,NA,0,0,0,0,,,0,,,0,0,,,,0,0,,
male1,male,individual,alone,not,six,3,0,0,NA,0,0,0,0,,,0,,,0,0,,,,0,0,,
male1,male,individual,alone,not,six,4,0,0,NA,0,0,0,0,,,0,,,0,0,,,,0,0,,
male1,male,individual,alone,not,six,5,0,0,NA,0,0,0,0,,,0,,,0,0,,,,0,0,,
male1,male,individual,alone,not,six,6,0,0,NA,0,0,0,0,,,0,,,0,0,,,,0,0,0,
male2,male,individual,alone,not,six,1,0,0,NA,0,0,0,0,,,0,,,0,0,,,,0,0,,
male2,male,individual,alone,not,six,2,0,0,NA,0,0,0,0,,,0,,,0,0,,,,0,0,,
male2,male,individual,alone,not,six,3,0,0,NA,0,0,0,0,,,0,,,0,0,,,,0,0,,
male2,male,individual,alone,not,six,4,0,0,NA,0,0,0,0,,,0,,,0,0,,,,0,0,,
male2,male,individual,alone,not,six,5,0,0,NA,0,0,0,0,,,0,,,0,0,,,,0,0,,
male2,male,individual,alone,not,six,6,0,0,NA,0,0,0,0,,,0,,,0,0,,,,0,0,0,
male3,male,individual,alone,not,six,1,0,0,NA,0,0,0,0,,,0,,,0,0,,,,0,0,,
male3,male,individual,alone,not,six,2,1,0,NA,0,0,0,0,,,0,,,0,0,,,,0,0,,
male3,male,individual,alone,not,six,3,0,0,NA,0,0,0,0,,,0,,,0,0,,,,0,0,,
male3,male,individual,alone,not,six,4,0,0,NA,0,0,0,0,,,0,,,0,0,,,,0,0,,
male3,male,individual,alone,not,six,5,0,0,NA,0,0,0,0,,,0,,,0,0,,,,0,0,,
male3,male,individual,alone,not,six,6,0,0,NA,0,0,0,0,,,0,,,0,0,,,,0,0,0,
male4,male,individual,alone,not,six,1,0,0,NA,0,0,0,0,,,0,,,0,0,,,,0,0,,
male4,male,individual,alone,not,six,2,0,0,NA,0,0,0,0,,,0,,,0,0,,,,0,0,,
male4,male,individual,alone,not,six,3,0,0,NA,0,0,0,0,,,0,,,0,0,,,,0,0,,
male4,male,individual,alone,not,six,4,0,0,NA,0,0,0,0,,,0,,,0,0,,,,0,0,,
male4,male,individual,alone,not,six,5,0,0,NA,0,0,0,0,,,0,,,0,0,,,,0,0,,
male4,male,individual,alone,not,six,6,0,0,NA,0,0,0,0,,,0,,,0,0,,,,0,0,0,
male5,male,individual,alone,not,six,1,0,0,NA,0,0,0,0,,,0,,,0,0,,,,0,0,,
male5,male,individual,alone,not,six,2,0,0,NA,0,0,0,0,,,0,,,0,0,,,,1,1,,
male5,male,individual,alone,not,six,3,0,0,NA,0,0,0,0,,,0,,,0,0,,,,0,0,,
male5,male,individual,alone,not,six,4,0,0,NA,0,0,0,2,,,0,,,0,0,,,,3,3,,
male5,male,individual,alone,not,six,5,0,0,NA,0,0,0,0,,,0,,,0,0,,,,1,1,,
male5,male,individual,alone,not,six,6,0,0,NA,0,0,0,1,,,0,,,0,0,,,,1,1,1.25,
male6,male,individual,alone,not,six,1,0,0,NA,0,0,0,0,,,0,,,0,0,,,,0,0,,
male6,male,individual,alone,not,six,2,0,0,NA,0,0,0,1,,,0,,,0,0,,,,0,0,,
male6,male,individual,alone,not,six,3,0,0,NA,0,0,0,1,,,0,,,0,0,,,,1,1,,
male6,male,individual,alone,not,six,4,0,0,NA,0,0,0,0,,,0,,,0,0,,,,0,0,,
male6,male,individual,alone,not,six,5,0,0,NA,0,0,0,0,,,0,,,0,0,,,,1,1,,
male6,male,individual,alone,not,six,6,0,0,NA,0,0,0,0,,,0,,,0,0,,,,0,0,0.5,
male7,male,individual,alone,not,fourteen,1,0,0,NA,0,0,0,0,,,0,,,0,0,,,,0,0,,
male7,male,individual,alone,not,fourteen,2,0,0,NA,0,0,0,0,,,0,,,0,0,,,,0,0,,
male7,male,individual,alone,not,fourteen,3,0,0,NA,0,0,0,0,,,0,,,0,0,,,,0,0,,
male7,male,individual,alone,not,fourteen,4,0,0,NA,0,0,0,0,,,0,,,0,0,,,,0,0,,
male7,male,individual,alone,not,fourteen,5,0,0,NA,0,0,0,0,,,0,,,0,0,,,,1,1,,
male7,male,individual,alone,not,fourteen,6,0,0,NA,0,0,0,0,,,0,,,0,0,,,,1,1,,
male7,male,individual,alone,not,fourteen,7,0,0,NA,0,0,0,0,,,0,,,0,0,,,,0,0,,
male7,male,individual,alone,not,fourteen,8,0,0,NA,0,0,0,2,,,0,,,0,0,,,,1,1,,
male7,male,individual,alone,not,fourteen,9,0,0,NA,0,0,0,1,,,0,,,0,0,,,,1,1,,
male7,male,individual,alone,not,fourteen,10,0,0,NA,0,0,0,4,,,0,,,0,0,,,,3,3,,
male7,male,individual,alone,not,fourteen,11,0,0,NA,0,0,0,0,,,0,,,0,0,,,,2,2,,
male7,male,individual,alone,not,fourteen,12,0,0,NA,0,0,0,3,,,0,,,0,0,,,,4,4,,
male7,male,individual,alone,not,fourteen,13,0,0,NA,0,0,0,5,,,0,,,0,0,,,,4,4,,
male7,male,individual,alone,not,fourteen,14,0,0,NA,0,0,0,2,,,0,,,0,0,,,,3,3,3.25,
male8,male,individual,alone,not,fourteen,1,0,0,NA,0,0,0,0,,,0,,,0,0,,,,0,0,,
male8,male,individual,alone,not,fourteen,2,0,0,NA,0,0,0,0,,,0,,,0,0,,,,0,0,,
male8,male,individual,alone,not,fourteen,3,0,0,NA,0,0,0,0,,,0,,,0,0,,,,0,0,,
male8,male,individual,alone,not,fourteen,4,0,0,NA,0,0,0,0,,,0,,,0,0,,,,0,0,,
male8,male,individual,alone,not,fourteen,5,0,0,NA,0,0,0,0,,,0,,,0,0,,,,0,0,,
male8,male,individual,alone,not,fourteen,6,0,0,NA,0,0,0,0,,,0,,,0,0,,,,1,1,,
male8,male,individual,alone,not,fourteen,7,0,0,NA,0,0,0,0,,,0,,,0,0,,,,0,0,,
male8,male,individual,alone,not,fourteen,8,0,0,NA,0,0,0,1,,,0,,,0,0,,,,1,1,,
male8,male,individual,alone,not,fourteen,9,0,0,NA,0,0,0,3,,,0,,,0,0,,,,4,4,,
male8,male,individual,alone,not,fourteen,10,0,0,NA,0,0,0,7,,,0,,,0,0,,,,6,6,,
male8,male,individual,alone,not,fourteen,11,1,1,NA,1,1,100,2,,,0,,,0,0,,,,5,5,,
male8,male,individual,alone,not,fourteen,12,0,0,NA,0,0,0,1,,,0,,,0,0,,,,5,5,,
male8,male,individual,alone,not,fourteen,13,0,0,NA,0,0,0,0,,,0,,,0,0,,,,3,3,,
male8,male,individual,alone,not,fourteen,14,0,0,NA,0,0,0,0,,,0,,,0,0,,,,4,4,4.25,
male9,male,individual,alone,not,fourteen,1,1,0,NA,0,0,0,1,,,0,,,0,0,,,,0,0,,
male9,male,individual,alone,not,fourteen,2,1,0,NA,0,0,0,3,,,0,,,0,0,,,,1,1,,
male9,male,individual,alone,not,fourteen,3,1,1,NA,1,1,100,2,,,0,,,0,0,,,,1,1,,
male9,male,individual,alone,not,fourteen,4,0,0,NA,0,0,0,1,,,0,,,0,0,,,,1,1,,
male9,male,individual,alone,not,fourteen,5,0,0,NA,0,0,0,0,,,0,,,0,0,,,,3,3,,
male9,male,individual,alone,not,fourteen,6,0,0,NA,0,0,0,0,,,0,,,0,0,,,,0,0,,
male9,male,individual,alone,not,fourteen,7,0,0,NA,0,0,0,4,,,0,,,0,0,,,,3,3,,
male9,male,individual,alone,not,fourteen,8,0,0,NA,0,0,0,5,,,0,,,0,0,,,,7,7,,
male9,male,individual,alone,not,fourteen,9,0,0,NA,0,0,0,2,,,0,,,0,0,,,,10,10,,
male9,male,individual,alone,not,fourteen,10,0,0,NA,0,0,0,3,,,0,,,0,0,,,,5,5,,
male9,male,individual,alone,not,fourteen,11,1,0,NA,0,0,0,1,,,0,,,0,0,,,,6,6,,
male9,male,individual,alone,not,fourteen,12,1,0,NA,0,0,0,3,,,0,,,0,0,,,,12,12,,
male9,male,individual,alone,not,fourteen,13,1,1,NA,1,1,100,8,,,0,,,0,0,,,,14,14,,
male9,male,individual,alone,not,fourteen,14,0,0,NA,0,0,0,7,,,0,,,0,0,,,,11,11,10.75,
male10,male,individual,alone,not,fourteen,1,0,0,NA,0,0,0,0,,,0,,,0,0,,,,0,0,,
male10,male,individual,alone,not,fourteen,2,0,0,NA,0,0,0,0,,,0,,,0,0,,,,0,0,,
male10,male,individual,alone,not,fourteen,3,0,0,NA,0,0,0,0,,,0,,,0,0,,,,0,0,,
male10,male,individual,alone,not,fourteen,4,0,0,NA,0,0,0,0,,,0,,,0,0,,,,2,2,,
male10,male,individual,alone,not,fourteen,5,1,0,NA,0,0,0,1,,,0,,,0,0,,,,3,3,,
male10,male,individual,alone,not,fourteen,6,1,0,NA,0,0,0,0,,,0,,,0,0,,,,0,0,,
male10,male,individual,alone,not,fourteen,7,0,1,NA,1,1,100,3,,,0,,,0,0,,,,5,5,,
male10,male,individual,alone,not,fourteen,8,0,0,NA,0,0,0,4,,,0,,,0,0,,,,8,8,,
male10,male,individual,alone,not,fourteen,9,0,0,NA,0,0,0,4,,,0,,,0,0,,,,4,4,,
male10,male,individual,alone,not,fourteen,10,0,0,NA,0,0,0,2,,,0,,,0,0,,,,5,5,,
male10,male,individual,alone,not,fourteen,11,0,1,NA,1,1,100,5,,,0,,,0,0,,,,10,10,,
male10,male,individual,alone,not,fourteen,12,0,0,NA,0,0,0,4,,,0,,,0,0,,,,15,15,,
male10,male,individual,alone,not,fourteen,13,0,0,NA,0,0,0,7,,,0,,,0,0,,,,17,17,,
male10,male,individual,alone,not,fourteen,14,0,0,NA,0,0,0,6,,,0,,,0,0,,,,16,16,14.5,
male11,male,individual,alone,late,twentytwo,1,0,0,NA,0,0,0,0,,,0,,,0,0,,,,0,0,,
male11,male,individual,alone,late,twentytwo,2,0,0,NA,0,0,0,0,,,0,,,0,0,,,,0,0,,
male11,male,individual,alone,late,twentytwo,3,1,0,NA,0,0,0,0,,,0,,,0,0,,,,0,0,,
male11,male,individual,alone,late,twentytwo,4,1,0,NA,0,0,0,0,,,0,,,0,0,,,,0,0,,
male11,male,individual,alone,late,twentytwo,5,1,0,NA,0,0,0,0,,,0,,,0,0,,,,0,0,,
male11,male,individual,alone,late,twentytwo,6,0,0,NA,0,0,0,0,,,0,,,0,0,,,,0,0,,
male11,male,individual,alone,late,twentytwo,7,0,0,NA,0,0,0,0,,,0,,,0,0,,,,0,0,,
male11,male,individual,alone,late,twentytwo,8,0,0,NA,0,0,0,1,,,0,,,0,0,,,,0,0,,
male11,male,individual,alone,late,twentytwo,9,1,1,NA,1,1,100,0,,,0,,,0,0,,,,0,0,,
male11,male,individual,alone,late,twentytwo,10,1,0,NA,0,0,0,5,,,0,,,0,0,,,,3,3,,
male11,male,individual,alone,late,twentytwo,11,0,0,NA,0,0,0,4,,,0,,,0,0,,,,2,2,,
male11,male,individual,alone,late,twentytwo,12,1,0,NA,0,0,0,9,,,0,,,0,0,,,,7,7,,
male11,male,individual,alone,late,twentytwo,13,0,0,NA,0,0,0,10,,,0,,,0,0,,,,10,10,,
male11,male,individual,alone,late,twentytwo,14,1,1,NA,1,1,100,22,,,0,,,0,0,,,,15,15,8.5,
male11,male,individual,alone,late,twentytwo,15,1,1,NA,1,1,100,13,,,0,,,0,0,,,,22,22,,
male11,male,individual,alone,late,twentytwo,16,1,1,NA,1,1,100,17,,,0,,,0,0,,,,20,20,,
male11,male,individual,alone,late,twentytwo,17,1,0,NA,0,0,0,9,,,0,,,0,0,,,,11,11,,
male11,male,individual,alone,late,twentytwo,18,1,1,NA,1,1,100,14,,,0,,,0,0,,,,12,12,,
male11,male,individual,alone,late,twentytwo,19,1,1,NA,1,1,100,22,,,0,,,0,0,,,,18,18,,
male11,male,individual,alone,late,twentytwo,20,1,0,NA,0,0,0,18,,,0,,,0,0,,,,16,16,,
male11,male,individual,alone,late,twentytwo,21,1,1,NA,1,1,100,15,,,0,,,0,0,,,,20,20,,
male11,male,individual,alone,late,twentytwo,22,1,1,NA,1,1,100,16,,,0,,,0,0,,,,22,22,,
male12,male,individual,alone,late,twentytwo,1,0,0,NA,0,0,0,0,,,0,,,0,0,,,,1,1,,
male12,male,individual,alone,late,twentytwo,2,0,0,NA,0,0,0,0,,,0,,,0,0,,,,0,0,,
male12,male,individual,alone,late,twentytwo,3,0,0,NA,0,0,0,0,,,0,,,0,0,,,,0,0,,
male12,male,individual,alone,late,twentytwo,4,0,0,NA,0,0,0,0,,,0,,,0,0,,,,0,0,,
male12,male,individual,alone,late,twentytwo,5,0,0,NA,0,0,0,0,,,0,,,0,0,,,,0,0,,
male12,male,individual,alone,late,twentytwo,6,0,0,NA,0,0,0,0,,,0,,,0,0,,,,0,0,,
male12,male,individual,alone,late,twentytwo,7,0,0,NA,0,0,0,0,,,0,,,0,0,,,,1,1,,
male12,male,individual,alone,late,twentytwo,8,0,0,NA,0,0,0,0,,,0,,,0,0,,,,0,0,,
male12,male,individual,alone,late,twentytwo,9,0,0,NA,0,0,0,1,,,0,,,0,0,,,,5,5,,
male12,male,individual,alone,late,twentytwo,10,1,0,NA,0,0,0,0,,,0,,,0,0,,,,2,2,,
male12,male,individual,alone,late,twentytwo,11,1,0,NA,0,0,0,10,,,0,,,0,0,,,,6,6,,
male12,male,individual,alone,late,twentytwo,12,0,0,NA,0,0,0,13,,,0,,,0,0,,,,10,10,,
male12,male,individual,alone,late,twentytwo,13,0,0,NA,0,0,0,18,,,0,,,0,0,,,,19,19,,
male12,male,individual,alone,late,twentytwo,14,0,1,NA,1,1,100,22,,,0,,,0,0,,,,20,20,13.75,
male12,male,individual,alone,late,twentytwo,15,1,1,NA,1,1,100,20,,,0,,,0,0,,,,17,17,,
male12,male,individual,alone,late,twentytwo,16,0,0,NA,0,0,0,27,,,0,,,0,0,,,,24,24,,
male12,male,individual,alone,late,twentytwo,17,0,1,NA,1,1,100,22,,,0,,,0,0,,,,21,21,,
male12,male,individual,alone,late,twentytwo,18,0,0,NA,0,0,0,18,,,0,,,0,0,,,,16,16,,
male12,male,individual,alone,late,twentytwo,19,1,1,NA,1,1,100,21,,,0,,,0,0,,,,20,20,,
male12,male,individual,alone,late,twentytwo,20,0,0,NA,0,0,0,17,,,0,,,0,0,,,,18,18,,
male12,male,individual,alone,late,twentytwo,21,1,1,NA,1,1,100,18,,,0,,,0,0,,,,23,23,,
male12,male,individual,alone,late,twentytwo,22,1,1,NA,1,1,100,20,,,0,,,0,0,,,,28,28,,
male13,male,individual,alone,not,twentytwo,1,1,0,NA,0,0,0,0,,,0,,,0,0,,,,0,0,,
male13,male,individual,alone,not,twentytwo,2,0,0,NA,0,0,0,0,,,0,,,0,0,,,,0,0,,
male13,male,individual,alone,not,twentytwo,3,0,0,NA,0,0,0,0,,,0,,,0,0,,,,0,0,,
male13,male,individual,alone,not,twentytwo,4,0,0,NA,0,0,0,0,,,0,,,0,0,,,,0,0,,
male13,male,individual,alone,not,twentytwo,5,0,0,NA,0,0,0,0,,,0,,,0,0,,,,0,0,,
male13,male,individual,alone,not,twentytwo,6,0,0,NA,0,0,0,0,,,0,,,0,0,,,,1,1,,
male13,male,individual,alone,not,twentytwo,7,0,0,NA,0,0,0,0,,,0,,,0,0,,,,0,0,,
male13,male,individual,alone,not,twentytwo,8,0,0,NA,0,0,0,0,,,0,,,0,0,,,,2,2,,
male13,male,individual,alone,not,twentytwo,9,1,0,NA,0,0,0,0,,,0,,,0,0,,,,4,4,,
male13,male,individual,alone,not,twentytwo,10,1,0,NA,0,0,0,0,,,0,,,0,0,,,,0,0,,
male13,male,individual,alone,not,twentytwo,11,0,0,NA,0,0,0,3,,,0,,,0,0,,,,3,3,,
male13,male,individual,alone,not,twentytwo,12,0,0,NA,0,0,0,8,,,0,,,0,0,,,,5,5,,
male13,male,individual,alone,not,twentytwo,13,0,0,NA,0,0,0,10,,,0,,,0,0,,,,10,10,,
male13,male,individual,alone,not,twentytwo,14,1,1,NA,1,1,100,7,,,0,,,0,0,,,,5,5,,
male13,male,individual,alone,not,twentytwo,15,0,0,NA,0,0,0,5,,,0,,,0,0,,,,8,8,,
male13,male,individual,alone,not,twentytwo,16,0,0,NA,0,0,0,4,,,0,,,0,0,,,,0,0,,
male13,male,individual,alone,not,twentytwo,17,0,0,NA,0,0,0,6,,,0,,,0,0,,,,13,13,,
male13,male,individual,alone,not,twentytwo,18,1,1,NA,1,1,100,5,,,0,,,0,0,,,,7,7,,
male13,male,individual,alone,not,twentytwo,19,1,0,NA,0,0,0,2,,,0,,,0,0,,,,4,4,,
male13,male,individual,alone,not,twentytwo,20,0,0,NA,0,0,0,0,,,0,,,0,0,,,,9,9,,
male13,male,individual,alone,not,twentytwo,21,0,0,NA,0,0,0,3,,,0,,,0,0,,,,9,9,,
male13,male,individual,alone,not,twentytwo,22,0,0,NA,0,0,0,5,,,0,,,0,0,,,,10,10,8,
male14,male,individual,alone,not,twentytwo,1,0,0,NA,0,0,0,0,,,0,,,0,0,,,,0,0,,
male14,male,individual,alone,not,twentytwo,2,0,0,NA,0,0,0,0,,,0,,,0,0,,,,0,0,,
male14,male,individual,alone,not,twentytwo,3,0,0,NA,0,0,0,0,,,0,,,0,0,,,,0,0,,
male14,male,individual,alone,not,twentytwo,4,0,0,NA,0,0,0,0,,,0,,,0,0,,,,0,0,,
male14,male,individual,alone,not,twentytwo,5,0,0,NA,0,0,0,0,,,0,,,0,0,,,,0,0,,
male14,male,individual,alone,not,twentytwo,6,0,0,NA,0,0,0,0,,,0,,,0,0,,,,0,0,,
male14,male,individual,alone,not,twentytwo,7,0,0,NA,0,0,0,0,,,0,,,0,0,,,,0,0,,
male14,male,individual,alone,not,twentytwo,8,0,0,NA,0,0,0,0,,,0,,,0,0,,,,0,0,,
male14,male,individual,alone,not,twentytwo,9,0,0,NA,0,0,0,0,,,0,,,0,0,,,,0,0,,
male14,male,individual,alone,not,twentytwo,10,0,0,NA,0,0,0,0,,,0,,,0,0,,,,0,0,,
male14,male,individual,alone,not,twentytwo,11,0,0,NA,0,0,0,2,,,0,,,0,0,,,,2,2,,
male14,male,individual,alone,not,twentytwo,12,0,0,NA,0,0,0,0,,,0,,,0,0,,,,0,0,,
male14,male,individual,alone,not,twentytwo,13,0,0,NA,0,0,0,0,,,0,,,0,0,,,,1,1,,
male14,male,individual,alone,not,twentytwo,14,1,0,NA,0,0,0,4,,,0,,,0,0,,,,4,4,,
male14,male,individual,alone,not,twentytwo,15,0,0,NA,0,0,0,6,,,0,,,0,0,,,,6,6,,
male14,male,individual,alone,not,twentytwo,16,1,0,NA,0,0,0,9,,,0,,,0,0,,,,11,11,,
male14,male,individual,alone,not,twentytwo,17,1,0,NA,0,0,0,5,,,0,,,0,0,,,,8,8,,
male14,male,individual,alone,not,twentytwo,18,1,1,NA,1,1,100,7,,,0,,,0,0,,,,9,9,,
male14,male,individual,alone,not,twentytwo,19,0,0,NA,0,0,0,8,,,0,,,0,0,,,,9,9,,
male14,male,individual,alone,not,twentytwo,20,0,0,NA,0,0,0,10,,,0,,,0,0,,,,12,12,,
male14,male,individual,alone,not,twentytwo,21,0,0,NA,0,0,0,4,,,0,,,0,0,,,,4,4,,
male14,male,individual,alone,not,twentytwo,22,0,0,NA,0,0,0,5,,,0,,,0,0,,,,5,5,7.5,
female1,female,individual,alone,not,six,1,1,0,NA,0,0,0,0,,,0,,,0,0,,,,0,0,,
female1,female,individual,alone,not,six,2,0,0,NA,0,0,0,0,,,0,,,0,0,,,,0,0,,
female1,female,individual,alone,not,six,3,0,0,NA,0,0,0,0,,,0,,,0,0,,,,0,0,,
female1,female,individual,alone,not,six,4,0,0,NA,0,0,0,0,,,0,,,0,0,,,,2,2,,
female1,female,individual,alone,not,six,5,0,0,NA,0,0,0,0,,,0,,,0,0,,,,1,1,,
female1,female,individual,alone,not,six,6,0,0,NA,0,0,0,0,,,0,,,0,0,,,,0,0,0.75,
female2,female,individual,alone,not,six,1,0,0,NA,0,0,0,0,,,0,,,0,0,,,,0,0,,
female2,female,individual,alone,not,six,2,0,0,NA,0,0,0,0,,,0,,,0,0,,,,0,0,,
female2,female,individual,alone,not,six,3,0,0,NA,0,0,0,0,,,0,,,0,0,,,,0,0,,
female2,female,individual,alone,not,six,4,0,0,NA,0,0,0,0,,,0,,,0,0,,,,0,0,,
female2,female,individual,alone,not,six,5,0,0,NA,0,0,0,0,,,0,,,0,0,,,,1,1,,
female2,female,individual,alone,not,six,6,0,0,NA,0,0,0,0,,,0,,,0,0,,,,0,0,0.25,
female3,female,individual,alone,not,six,1,0,0,NA,0,0,0,0,,,0,,,0,0,,,,0,0,,
female3,female,individual,alone,not,six,2,1,0,NA,0,0,0,0,,,0,,,0,0,,,,1,1,,
female3,female,individual,alone,not,six,3,0,0,NA,0,0,0,0,,,0,,,0,0,,,,1,1,,
female3,female,individual,alone,not,six,4,0,0,NA,0,0,0,0,,,0,,,0,0,,,,0,0,,
female3,female,individual,alone,not,six,5,1,0,NA,0,0,0,0,,,0,,,0,0,,,,2,2,,
female3,female,individual,alone,not,six,6,0,0,NA,0,0,0,0,,,0,,,0,0,,,,1,1,1,
female4,female,individual,alone,not,six,1,0,0,NA,0,0,0,0,,,0,,,0,0,,,,0,0,,
female4,female,individual,alone,not,six,2,0,0,NA,0,0,0,0,,,0,,,0,0,,,,0,0,,
female4,female,individual,alone,not,six,3,0,0,NA,0,0,0,0,,,0,,,0,0,,,,0,0,,
female4,female,individual,alone,not,six,4,0,0,NA,0,0,0,0,,,0,,,0,0,,,,0,0,,
female4,female,individual,alone,not,six,5,0,0,NA,0,0,0,0,,,0,,,0,0,,,,1,1,,
female4,female,individual,alone,not,six,6,1,0,NA,0,0,0,0,,,0,,,0,0,,,,0,0,0.25,
female5,female,individual,alone,early,six,1,0,0,NA,0,0,0,0,,,0,,,0,0,,,,0,0,,
female5,female,individual,alone,early,six,2,1,0,NA,0,0,0,0,,,0,,,0,0,,,,0,0,,
female5,female,individual,alone,early,six,3,0,0,NA,0,0,0,0,,,0,,,0,0,,,,0,0,,
female5,female,individual,alone,early,six,4,1,0,NA,0,0,0,0,,,0,,,0,0,,,,0,0,,
female5,female,individual,alone,early,six,5,1,1,NA,1,1,100,0,,,0,,,0,0,,,,0,0,0,
female5,female,individual,alone,early,six,6,1,1,NA,1,1,100,1,,,0,,,0,0,,,,0,0,,
female6,female,individual,alone,not,six,1,0,0,NA,0,0,0,0,,,0,,,0,0,,,,0,0,,
female6,female,individual,alone,not,six,2,0,0,NA,0,0,0,0,,,0,,,0,0,,,,0,0,,
female6,female,individual,alone,not,six,3,0,0,NA,0,0,0,0,,,0,,,0,0,,,,0,0,,
female6,female,individual,alone,not,six,4,0,0,NA,0,0,0,0,,,0,,,0,0,,,,0,0,,
female6,female,individual,alone,not,six,5,0,0,NA,0,0,0,0,,,0,,,0,0,,,,0,0,,
female6,female,individual,alone,not,six,6,0,0,NA,0,0,0,0,,,0,,,0,0,,,,0,0,0,
female7,female,individual,alone,not,fourteen,1,0,0,NA,0,0,0,0,,,0,,,0,0,,,,0,0,,
female7,female,individual,alone,not,fourteen,2,0,0,NA,0,0,0,0,,,0,,,0,0,,,,0,0,,
female7,female,individual,alone,not,fourteen,3,0,0,NA,0,0,0,0,,,0,,,0,0,,,,0,0,,
female7,female,individual,alone,not,fourteen,4,0,0,NA,0,0,0,0,,,0,,,0,0,,,,0,0,,
female7,female,individual,alone,not,fourteen,5,1,0,NA,0,0,0,0,,,0,,,0,0,,,,1,1,,
female7,female,individual,alone,not,fourteen,6,0,0,NA,0,0,0,0,,,0,,,0,0,,,,0,0,,
female7,female,individual,alone,not,fourteen,7,1,0,NA,0,0,0,0,,,0,,,0,0,,,,0,0,,
female7,female,individual,alone,not,fourteen,8,1,1,NA,1,1,100,0,,,0,,,0,0,,,,1,1,,
female7,female,individual,alone,not,fourteen,9,1,0,NA,0,0,0,0,,,0,,,0,0,,,,0,0,,
female7,female,individual,alone,not,fourteen,10,0,0,NA,0,0,0,0,,,0,,,0,0,,,,0,0,,
female7,female,individual,alone,not,fourteen,11,0,0,NA,0,0,0,0,,,0,,,0,0,,,,0,0,,
female7,female,individual,alone,not,fourteen,12,0,0,NA,0,0,0,0,,,0,,,0,0,,,,2,2,,
female7,female,individual,alone,not,fourteen,13,0,0,NA,0,0,0,1,,,0,,,0,0,,,,1,1,,
female7,female,individual,alone,not,fourteen,14,1,1,NA,1,1,100,1,,,0,,,0,0,,,,2,2,1.25,
female8,female,individual,alone,not,fourteen,1,0,0,NA,0,0,0,0,,,0,,,0,0,,,,0,0,,
female8,female,individual,alone,not,fourteen,2,0,0,NA,0,0,0,0,,,0,,,0,0,,,,0,0,,
female8,female,individual,alone,not,fourteen,3,0,0,NA,0,0,0,0,,,0,,,0,0,,,,0,0,,
female8,female,individual,alone,not,fourteen,4,0,0,NA,0,0,0,0,,,0,,,0,0,,,,0,0,,
female8,female,individual,alone,not,fourteen,5,0,0,NA,0,0,0,0,,,0,,,0,0,,,,0,0,,
female8,female,individual,alone,not,fourteen,6,0,0,NA,0,0,0,0,,,0,,,0,0,,,,1,1,,
female8,female,individual,alone,not,fourteen,7,1,0,NA,0,0,0,0,,,0,,,0,0,,,,2,2,,
female8,female,individual,alone,not,fourteen,8,0,0,NA,0,0,0,0,,,0,,,0,0,,,,1,1,,
female8,female,individual,alone,not,fourteen,9,1,1,NA,1,1,100,0,,,0,,,0,0,,,,1,1,,
female8,female,individual,alone,not,fourteen,10,0,0,NA,0,0,0,0,,,0,,,0,0,,,,0,0,,
female8,female,individual,alone,not,fourteen,11,0,0,NA,0,0,0,2,,,0,,,0,0,,,,4,4,,
female8,female,individual,alone,not,fourteen,12,0,0,NA,0,0,0,0,,,0,,,0,0,,,,0,0,,
female8,female,individual,alone,not,fourteen,13,0,0,NA,0,0,0,0,,,0,,,0,0,,,,3,3,,
female8,female,individual,alone,not,fourteen,14,0,0,NA,0,0,0,1,,,0,,,0,0,,,,4,4,2.75,
female9,female,individual,alone,early,fourteen,1,1,1,NA,1,1,100,0,,,0,,,0,0,,,,0,0,,
female9,female,individual,alone,early,fourteen,2,0,0,NA,0,0,0,0,,,0,,,0,0,,,,0,0,,
female9,female,individual,alone,early,fourteen,3,0,0,NA,0,0,0,0,,,0,,,0,0,,,,0,0,,
female9,female,individual,alone,early,fourteen,4,0,0,NA,0,0,0,0,,,0,,,0,0,,,,1,1,,
female9,female,individual,alone,early,fourteen,5,1,0,NA,0,0,0,0,,,0,,,0,0,,,,1,1,,
female9,female,individual,alone,early,fourteen,6,1,1,NA,1,1,100,0,,,0,,,0,0,,,,0,0,,
female9,female,individual,alone,early,fourteen,7,0,0,NA,0,0,0,4,,,0,,,0,0,,,,4,4,,
female9,female,individual,alone,early,fourteen,8,1,0,NA,0,0,0,2,,,0,,,0,0,,,,7,7,,
female9,female,individual,alone,early,fourteen,9,1,1,NA,1,1,100,5,,,0,,,0,0,,,,10,10,5.25,
female9,female,individual,alone,early,fourteen,10,1,1,NA,1,1,100,4,,,0,,,0,0,,,,9,9,,
female9,female,individual,alone,early,fourteen,11,0,0,NA,0,0,0,0,,,0,,,0,0,,,,14,14,,
female9,female,individual,alone,early,fourteen,12,1,1,NA,1,1,100,0,,,0,,,0,0,,,,13,13,,
female9,female,individual,alone,early,fourteen,13,1,1,NA,1,1,100,2,,,0,,,0,0,,,,18,18,,
female9,female,individual,alone,early,fourteen,14,1,1,NA,1,1,100,1,,,0,,,0,0,,,,11,11,,
female10,female,individual,alone,not,fourteen,1,0,0,NA,0,0,0,0,,,0,,,0,0,,,,0,0,,
female10,female,individual,alone,not,fourteen,2,1,0,NA,0,0,0,0,,,0,,,0,0,,,,0,0,,
female10,female,individual,alone,not,fourteen,3,0,0,NA,0,0,0,0,,,0,,,0,0,,,,0,0,,
female10,female,individual,alone,not,fourteen,4,0,0,NA,0,0,0,0,,,0,,,0,0,,,,0,0,,
female10,female,individual,alone,not,fourteen,5,0,0,NA,0,0,0,0,,,0,,,0,0,,,,0,0,,
female10,female,individual,alone,not,fourteen,6,1,0,NA,0,0,0,0,,,0,,,0,0,,,,0,0,,
female10,female,individual,alone,not,fourteen,7,0,0,NA,0,0,0,0,,,0,,,0,0,,,,0,0,,
female10,female,individual,alone,not,fourteen,8,1,0,NA,0,0,0,0,,,0,,,0,0,,,,1,1,,
female10,female,individual,alone,not,fourteen,9,0,0,NA,0,0,0,0,,,0,,,0,0,,,,0,0,,
female10,female,individual,alone,not,fourteen,10,1,0,NA,0,0,0,0,,,0,,,0,0,,,,2,2,,
female10,female,individual,alone,not,fourteen,11,0,0,NA,0,0,0,0,,,0,,,0,0,,,,1,1,,
female10,female,individual,alone,not,fourteen,12,0,0,NA,0,0,0,0,,,0,,,0,0,,,,0,0,,
female10,female,individual,alone,not,fourteen,13,0,0,NA,0,0,0,0,,,0,,,0,0,,,,1,1,,
female10,female,individual,alone,not,fourteen,14,0,0,NA,0,0,0,0,,,0,,,0,0,,,,4,4,1.5,
female11,female,individual,alone,not,fourteen,1,0,0,NA,0,0,0,0,,,0,,,0,0,,,,0,0,,
female11,female,individual,alone,not,fourteen,2,0,0,NA,0,0,0,0,,,0,,,0,0,,,,0,0,,
female11,female,individual,alone,not,fourteen,3,0,0,NA,0,0,0,0,,,0,,,0,0,,,,0,0,,
female11,female,individual,alone,not,fourteen,4,1,0,NA,0,0,0,0,,,0,,,0,0,,,,0,0,,
female11,female,individual,alone,not,fourteen,5,0,0,NA,0,0,0,0,,,0,,,0,0,,,,0,0,,
female11,female,individual,alone,not,fourteen,6,0,0,NA,0,0,0,0,,,0,,,0,0,,,,0,0,,
female11,female,individual,alone,not,fourteen,7,1,0,NA,0,0,0,0,,,0,,,0,0,,,,0,0,,
female11,female,individual,alone,not,fourteen,8,0,0,NA,0,0,0,0,,,0,,,0,0,,,,1,1,,
female11,female,individual,alone,not,fourteen,9,1,0,NA,0,0,0,0,,,0,,,0,0,,,,1,1,,
female11,female,individual,alone,not,fourteen,10,0,0,NA,0,0,0,0,,,0,,,0,0,,,,3,3,,
female11,female,individual,alone,not,fourteen,11,0,0,NA,0,0,0,0,,,0,,,0,0,,,,0,0,,
female11,female,individual,alone,not,fourteen,12,0,0,NA,0,0,0,0,,,0,,,0,0,,,,5,5,,
female11,female,individual,alone,not,fourteen,13,0,0,NA,0,0,0,0,,,0,,,0,0,,,,3,3,,
female11,female,individual,alone,not,fourteen,14,1,0,NA,0,0,0,0,,,0,,,0,0,,,,3,3,2.75,
female12,female,individual,alone,not,fourteen,1,1,0,NA,0,0,0,0,,,0,,,0,0,,,,0,0,,
female12,female,individual,alone,not,fourteen,2,0,0,NA,0,0,0,0,,,0,,,0,0,,,,0,0,,
female12,female,individual,alone,not,fourteen,3,0,0,NA,0,0,0,0,,,0,,,0,0,,,,0,0,,
female12,female,individual,alone,not,fourteen,4,1,0,NA,0,0,0,0,,,0,,,0,0,,,,0,0,,
female12,female,individual,alone,not,fourteen,5,0,0,NA,0,0,0,0,,,0,,,0,0,,,,0,0,,
female12,female,individual,alone,not,fourteen,6,0,0,NA,0,0,0,0,,,0,,,0,0,,,,1,1,,
female12,female,individual,alone,not,fourteen,7,0,0,NA,0,0,0,1,,,0,,,0,0,,,,1,1,,
female12,female,individual,alone,not,fourteen,8,1,1,NA,1,1,100,0,,,0,,,0,0,,,,1,1,,
female12,female,individual,alone,not,fourteen,9,0,0,NA,0,0,0,0,,,0,,,0,0,,,,1,1,,
female12,female,individual,alone,not,fourteen,10,0,0,NA,0,0,0,0,,,0,,,0,0,,,,0,0,,
female12,female,individual,alone,not,fourteen,11,0,0,NA,0,0,0,0,,,0,,,0,0,,,,0,0,,
female12,female,individual,alone,not,fourteen,12,1,0,NA,0,0,0,0,,,0,,,0,0,,,,2,2,,
female12,female,individual,alone,not,fourteen,13,1,1,NA,1,1,100,1,,,0,,,0,0,,,,1,1,,
female12,female,individual,alone,not,fourteen,14,0,0,NA,0,0,0,0,,,0,,,0,0,,,,0,0,0.75,
female13,female,individual,alone,not,twentytwo,1,0,0,NA,0,0,0,0,,,0,,,0,0,,,,2,2,,
female13,female,individual,alone,not,twentytwo,2,0,0,NA,0,0,0,0,,,0,,,0,0,,,,2,2,,
female13,female,individual,alone,not,twentytwo,3,1,1,NA,1,1,100,0,,,0,,,0,0,,,,2,2,,
female13,female,individual,alone,not,twentytwo,4,0,0,NA,0,0,0,0,,,0,,,0,0,,,,1,1,,
female13,female,individual,alone,not,twentytwo,5,0,0,NA,0,0,0,0,,,0,,,0,0,,,,0,0,,
female13,female,individual,alone,not,twentytwo,6,1,1,NA,1,1,100,0,,,0,,,0,0,,,,1,1,,
female13,female,individual,alone,not,twentytwo,7,1,0,NA,0,0,0,10,,,0,,,0,0,,,,6,6,,
female13,female,individual,alone,not,twentytwo,8,1,1,NA,1,1,100,0,,,0,,,0,0,,,,4,4,,
female13,female,individual,alone,not,twentytwo,9,1,0,NA,0,0,0,0,,,0,,,0,0,,,,3,3,,
female13,female,individual,alone,not,twentytwo,10,0,0,NA,0,0,0,0,,,0,,,0,0,,,,7,7,,
female13,female,individual,alone,not,twentytwo,11,0,0,NA,0,0,0,0,,,0,,,0,0,,,,5,5,,
female13,female,individual,alone,not,twentytwo,12,1,1,NA,1,1,100,1,,,0,,,0,0,,,,3,3,,
female13,female,individual,alone,not,twentytwo,13,0,0,NA,0,0,0,1,,,0,,,0,0,,,,8,8,,
female13,female,individual,alone,not,twentytwo,14,1,1,NA,1,1,100,1,,,0,,,0,0,,,,14,14,,
female13,female,individual,alone,not,twentytwo,15,0,0,NA,0,0,0,0,,,0,,,0,0,,,,13,13,,
female13,female,individual,alone,not,twentytwo,16,0,0,NA,0,0,0,0,,,0,,,0,0,,,,19,19,,
female13,female,individual,alone,not,twentytwo,17,0,0,NA,0,0,0,0,,,0,,,0,0,,,,23,23,,
female13,female,individual,alone,not,twentytwo,18,0,0,NA,0,0,0,0,,,0,,,0,0,,,,18,18,,
female13,female,individual,alone,not,twentytwo,19,0,0,NA,0,0,0,1,,,0,,,0,0,,,,9,9,,
female13,female,individual,alone,not,twentytwo,20,0,0,NA,0,0,0,0,,,0,,,0,0,,,,14,14,,
female13,female,individual,alone,not,twentytwo,21,0,0,NA,0,0,0,0,,,0,,,0,0,,,,14,14,,
female13,female,individual,alone,not,twentytwo,22,0,0,NA,0,0,0,0,,,0,,,0,0,,,,9,9,11.5,
female14,female,individual,alone,late,twentytwo,1,1,0,NA,0,0,0,0,,,0,,,0,0,,,,0,0,,
female14,female,individual,alone,late,twentytwo,2,0,0,NA,0,0,0,0,,,0,,,0,0,,,,0,0,,
female14,female,individual,alone,late,twentytwo,3,0,0,NA,0,0,0,0,,,0,,,0,0,,,,2,2,,
female14,female,individual,alone,late,twentytwo,4,0,0,NA,0,0,0,0,,,0,,,0,0,,,,0,0,,
female14,female,individual,alone,late,twentytwo,5,0,0,NA,0,0,0,0,,,0,,,0,0,,,,1,1,,
female14,female,individual,alone,late,twentytwo,6,1,1,NA,1,1,100,0,,,0,,,0,0,,,,1,1,,
female14,female,individual,alone,late,twentytwo,7,0,0,NA,0,0,0,0,,,0,,,0,0,,,,0,0,,
female14,female,individual,alone,late,twentytwo,8,0,0,NA,0,0,0,0,,,0,,,0,0,,,,3,3,,
female14,female,individual,alone,late,twentytwo,9,1,1,NA,1,1,100,1,,,0,,,0,0,,,,4,4,,
female14,female,individual,alone,late,twentytwo,10,0,0,NA,0,0,0,0,,,0,,,0,0,,,,0,0,,
female14,female,individual,alone,late,twentytwo,11,0,0,NA,0,0,0,0,,,0,,,0,0,,,,5,5,,
female14,female,individual,alone,late,twentytwo,12,1,1,NA,1,1,100,0,,,0,,,0,0,,,,3,3,,
female14,female,individual,alone,late,twentytwo,13,0,0,NA,0,0,0,0,,,0,,,0,0,,,,0,0,,
female14,female,individual,alone,late,twentytwo,14,1,0,NA,0,0,0,0,,,0,,,0,0,,,,1,1,,
female14,female,individual,alone,late,twentytwo,15,1,1,NA,1,1,100,0,,,0,,,0,0,,,,5,5,,
female14,female,individual,alone,late,twentytwo,16,1,0,NA,0,0,0,0,,,0,,,0,0,,,,6,6,,
female14,female,individual,alone,late,twentytwo,17,0,0,NA,0,0,0,0,,,0,,,0,0,,,,11,11,,
female14,female,individual,alone,late,twentytwo,18,1,0,NA,0,0,0,1,,,0,,,0,0,,,,7,7,,
female14,female,individual,alone,late,twentytwo,19,0,0,NA,0,0,0,0,,,0,,,0,0,,,,5,5,,
female14,female,individual,alone,late,twentytwo,20,0,0,NA,0,0,0,0,,,0,,,0,0,,,,8,8,,
female14,female,individual,alone,late,twentytwo,21,1,1,NA,1,1,100,0,,,0,,,0,0,,,,13,13,8.25,
female14,female,individual,alone,late,twentytwo,22,1,1,NA,1,1,100,0,,,0,,,0,0,,,,7,7,,
